"10313","21"
"10323","5"
"10341","41"
"10347","68"
"10353","15"
"10360","55"
"10366","14"
"10376","41"
"10384","53"
"10391","73"
"10393","19"
"10399","99"
"10422","28"
"10425","57"
"10429","84"
"10443","23"
"10449","72"
"10495","82"
"10508","17"
"10538","49"
"10545","56"
"10566","20"
"10572","71"
"10574","96"
"10575","85"
"10576","85"
"10586","45"
"10614","100"
"10633","50"
"10648","8"
"10672","64"
"10690","59"
"10692","74"
"10694","8"
"10718","71"
"10733","17"
"10737","56"
"10746","69"
"10760","49"
"10764","61"
"10809","98"
"10812","48"
"10815","6"
"10825","39"
"10833","52"
"10841","3"
"10851","86"
"10858","13"
"10865","92"
"10874","36"
"10886","100"
"10905","79"
"10913","56"
"10921","67"
"10948","66"
"10958","23"
"10962","82"
"10971","16"
"10987","19"
"11024","43"
"11032","19"
"11042","52"
"11050","37"
"11056","63"
"11073","13"
"11092","61"
"11102","75"
"11109","62"
"11112","69"
"11130","51"
"11137","84"
"11146","45"
"11164","78"
"11172","8"
"11173","20"
"11194","51"
"11210","28"
"11216","55"
"11221","82"
"11264","8"
"11288","58"
"11300","17"
"11302","99"
"11311","96"
"11316","64"
"11320","8"
"11357","44"
"11414","45"
"11421","48"
"11427","89"
"11444","96"
"11456","15"
"11466","8"
"11471","76"
"11481","89"
"11490","60"
"11496","22"
"11518","21"
"11519","54"
"11548","16"
"11550","1"
"11566","76"
"11612","80"
"11619","12"
"11629","90"
"11657","31"
"11691","56"
"11697","91"
"11727","38"
"11750","28"
"11780","6"
"11795","6"
"11807","51"
"11826","54"
"11834","47"
"11846","99"
"11853","96"
"11866","56"
"11902","12"
"11907","64"
"11910","85"
"11914","39"
"11915","43"
"11927","3"
"11950","2"
"11961","26"
"11969","9"
"11982","73"
"12005","84"
"12011","16"
"12028","68"
"12055","83"
"12068","35"
"12083","27"
"12088","84"
"12096","1"
"12103","27"
"12149","16"
"12152","78"
"12157","100"
"12171","11"
"12176","69"
"12181","92"
"12196","96"
"12206","52"
"12224","100"
"12226","38"
"12233","42"
"12240","18"
"12258","76"
"12262","66"
"12270","51"
"12277","83"
"12283","37"
"12323","14"
"12340","49"
"12342","91"
"12351","73"
"12365","12"
"12387","18"
"12391","1"
"12425","51"
"12436","5"
"12443","17"
"12467","53"
"12475","89"
"12477","57"
"12481","65"
"12489","26"
"12492","51"
"12498","13"
"12506","63"
"12519","37"
"12528","98"
"12533","30"
"12549","46"
"12550","3"
"12553","50"
"12567","55"
"12576","87"
"12581","76"
"12586","20"
"12587","53"
"12610","75"
"12616","67"
"12622","99"
"12625","64"
"12635","96"
"12645","40"
"12651","75"
"12661","8"
"12668","12"
"12675","63"
"12688","95"
"12695","35"
"12708","16"
"12736","8"
"12759","19"
"12765","66"
"12774","17"
"12784","46"
"12801","8"
"12806","40"
"12816","69"
"12836","2"
"12850","66"
"12858","12"
"12862","7"
"12871","44"
"12881","3"
"12920","13"
"12929","63"
"12937","11"
"12947","88"
"12957","59"
"12966","77"
"12984","81"
"12993","75"
"13011","7"
"13012","82"
"13038","26"
"13079","2"
"13084","22"
"13100","59"
"13108","44"
"13117","45"
"13121","8"
"13131","45"
"13141","55"
"13151","18"
"13163","11"
"13186","74"
"13192","51"
"13241","58"
"13256","2"
"13281","69"
"13335","5"
"13393","80"
"13398","89"
"13399","54"
"13430","52"
"13439","93"
"13452","100"
"13494","36"
"13504","36"
"13524","4"
"13530","44"
"13540","75"
"13560","23"
"13566","88"
"13586","17"
"13599","18"
"13632","24"
"13644","23"
"13647","85"
"13652","61"
"13666","99"
"13676","85"
"13684","26"
"13703","100"
"13704","83"
"13706","84"
"13713","22"
"13755","56"
"13766","99"
"13784","90"
"13822","58"
"13823","50"
"13837","99"
"13850","25"
"13857","28"
"13890","85"
"13896","77"
"13899","18"
"13935","15"
"13941","61"
"13942","3"
"13981","78"
"13984","15"
"14014","84"
"14042","48"
"14059","94"
"14101","12"
"14110","30"
"14124","52"
"14140","37"
"14188","70"
"14195","17"
"14203","19"
"14219","10"
"14225","50"
"14233","21"
"14239","34"
"14245","11"
"14280","67"
"14287","78"
"14314","80"
"14320","34"
"14325","91"
"14348","96"
"14358","26"
"14359","86"
"14420","17"
"14425","7"
"14435","7"
"14444","100"
"14452","68"
"14495","41"
"14511","37"
"14523","39"
"14529","9"
"14546","42"
"14555","27"
"14562","20"
"14564","82"
"14571","92"
"14578","5"
"14611","60"
"14641","55"
"14647","18"
"14648","93"
"14664","69"
"14675","69"
"14685","29"
"14693","58"
"14710","36"
"14719","92"
"14738","38"
"14762","74"
"14774","76"
"14813","33"
"14821","87"
"14839","56"
"14863","92"
"14874","55"
"14876","9"
"14879","62"
"14884","79"
"14907","89"
"14923","85"
"14950","45"
"14960","77"
"14967","80"
"14971","5"
"14992","20"
"14993","21"
"15017","47"
"15057","85"
"15067","31"
"15083","4"
"15123","35"
"15133","27"
"15158","6"
"15165","86"
"15172","14"
"15184","98"
"15193","1"
"15226","33"
"15238","84"
"15252","29"
"15262","3"
"15265","15"
"15273","41"
"15282","49"
"15307","10"
"15317","64"
"15332","14"
"15338","42"
"15341","10"
"15348","89"
"15357","72"
"15362","11"
"15363","71"
"15370","64"
"15380","15"
"15388","70"
"15397","80"
"15406","10"
"15427","62"
"15431","61"
"15442","32"
"15445","7"
"15463","96"
"15476","56"
"15523","64"
"15533","7"
"15551","19"
"15573","24"
"15579","43"
"15594","74"
"15608","53"
"15618","29"
"15628","34"
"15638","78"
"15645","30"
"15666","60"
"15693","36"
"15703","77"
"15704","14"
"15714","93"
"15736","33"
"15752","90"
"15778","28"
"15783","19"
"15798","69"
"15804","91"
"15812","27"
"15821","55"
"15846","30"
"15859","1"
"15887","12"
"15891","59"
"15897","45"
"15900","92"
"15913","11"
"15916","65"
"15924","74"
"15939","58"
"15953","33"
"15962","33"
"15971","49"
"15990","82"
"16020","4"
"16021","58"
"16029","24"
"16032","51"
"16053","34"
"16058","81"
"16064","28"
"16077","41"
"16085","74"
"16112","67"
"16114","30"
"16117","35"
"16121","39"
"16134","24"
"16151","79"
"16162","88"
"16173","80"
"16180","27"
"16189","7"
"16208","36"
"16216","90"
"16235","71"
"16245","92"
"16259","9"
"16285","58"
"16292","43"
"16317","89"
"16334","97"
"16338","55"
"16346","29"
"16353","60"
"16361","42"
"16386","5"
"16404","7"
"16410","75"
"16420","94"
"16430","87"
"16434","71"
"16451","39"
"16466","76"
"16476","23"
"16477","91"
"16482","54"
"16487","60"
"16493","59"
"16515","6"
"16523","87"
"16539","66"
"16571","46"
"16603","61"
"16606","3"
"16615","58"
"16629","84"
"16650","68"
"16657","46"
"16659","100"
"16672","65"
"16682","21"
"16683","41"
"16701","76"
"16710","38"
"16714","99"
"16717","46"
"16727","19"
"16730","96"
"16765","85"
"16786","70"
"16830","88"
"16845","24"
"16886","98"
"16889","3"
"16896","39"
"16899","63"
"16901","44"
"16902","49"
"16905","11"
"16911","82"
"16923","93"
"16924","25"
"16931","56"
"16937","1"
"16953","44"
"16954","59"
"16969","79"
"16971","99"
"16995","74"
"17000","83"
"17009","58"
"17027","6"
"17034","62"
"17043","22"
"17051","6"
"17061","2"
"17082","65"
"17096","24"
"17099","81"
"17102","66"
"17108","64"
"17113","66"
"17114","78"
"17117","78"
"17135","93"
"17142","53"
"17152","5"
"17170","65"
"17188","52"
"17194","6"
"17196","80"
"17234","59"
"17260","37"
"17275","21"
"17285","9"
"17292","67"
"17305","97"
"17335","39"
"17366","62"
"17368","46"
"17378","2"
"17390","58"
"17393","73"
"17421","45"
"17433","8"
"17446","49"
"17452","55"
"17453","15"
"17463","63"
"17471","22"
"17480","72"
"17485","37"
"17528","99"
"17529","65"
"17543","33"
"17555","54"
"17590","77"
"17591","94"
"17609","38"
"17617","25"
"17663","95"
"17677","49"
"17678","6"
"17686","2"
"17695","97"
"17706","83"
"17711","50"
"17719","10"
"17724","75"
"17734","26"
"17748","87"
"17763","10"
"17774","18"
"17782","54"
"17784","32"
"17810","3"
"17820","35"
"17826","77"
"17828","21"
"17834","4"
"17836","38"
"17850","22"
"17857","71"
"17867","2"
"17890","65"
"17907","55"
"17908","96"
"17933","41"
"17941","49"
"17947","5"
"17949","40"
"17962","42"
"17979","7"
"17999","86"
"18009","18"
"18016","78"
"18026","96"
"18035","79"
"18037","22"
"18045","11"
"18050","26"
"18065","21"
"18075","54"
"18079","93"
"18159","99"
"18193","92"
"18197","57"
"18215","28"
"18230","48"
"18254","94"
"18259","95"
"18271","7"
"18280","26"
"18309","39"
"18326","22"
"18340","71"
"18349","38"
"18358","91"
"18369","30"
"18377","85"
"18453","47"
"18462","98"
"18465","12"
"18467","76"
"18481","36"
"18485","92"
"18494","24"
"18495","34"
"18500","97"
"18515","12"
"18533","68"
"18539","30"
"18542","53"
"18547","87"
"18554","42"
"18558","92"
"18561","72"
"18577","23"
"18585","51"
"18592","13"
"18595","62"
"18597","42"
"18620","79"
"18623","80"
"18629","99"
"18657","40"
"18674","32"
"18684","94"
"18690","24"
"18707","41"
"18725","30"
"18730","91"
"18743","12"
"18757","32"
"18796","14"
"18809","58"
"18815","47"
"18847","13"
"18853","91"
"18863","62"
"18869","71"
"18892","19"
"18902","16"
"18928","67"
"18952","2"
"18959","100"
"18965","38"
"18983","85"
"18997","95"
"19001","50"
"19010","34"
"19025","69"
"19033","33"
"19046","93"
"19048","13"
"19077","10"
"19094","81"
"19096","3"
"19104","21"
"19111","76"
"19129","12"
"19130","50"
"19131","52"
"19168","63"
"19187","9"
"19191","96"
"19207","6"
"19214","88"
"19219","74"
"19252","67"
"19269","55"
"19288","69"
"19294","52"
"19304","84"
"19307","11"
"19316","29"
"19325","39"
"19332","27"
"19344","44"
"19346","73"
"19348","55"
"19362","71"
"19372","78"
"19379","35"
"19386","59"
"19403","12"
"19412","36"
"19416","50"
"19423","90"
"19453","9"
"19486","57"
"19496","4"
"19501","72"
"19515","99"
"19517","15"
"19523","29"
"19533","2"
"19551","86"
"19552","57"
"19592","42"
"19610","78"
"19620","18"
"19633","63"
"19637","85"
"19651","64"
"19674","60"
"19684","40"
"19688","84"
"19692","26"
"19723","74"
"19733","69"
"19753","72"
"19762","53"
"19768","34"
"19775","58"
"19785","66"
"19790","21"
"19805","49"
"19811","75"
"19853","62"
"19880","34"
"19894","22"
"19913","41"
"19972","72"
"19981","38"
"19987","18"
"20002","67"
"20026","46"
"20032","62"
"20040","73"
"20041","52"
"20065","61"
"20071","31"
"20077","27"
"20085","98"
"20104","34"
"20106","97"
"20130","91"
"20138","19"
"20166","56"
"20169","70"
"20184","96"
"20189","92"
"20196","8"
"20200","17"
"20248","49"
"20255","35"
"20256","66"
"20258","10"
"20293","72"
"20304","39"
"20313","35"
"20340","81"
"20348","20"
"20357","80"
"20366","30"
"20385","75"
"20399","12"
"20424","78"
"20434","22"
"20452","16"
"20461","11"
"20468","62"
"20479","25"
"20483","86"
"20504","5"
"20506","98"
"20510","94"
"20517","66"
"20530","82"
"20537","22"
"20549","68"
"20573","40"
"20574","58"
"20582","16"
"20624","58"
"20646","46"
"20651","1"
"20660","30"
"20661","8"
"20672","39"
"20675","20"
"20709","7"
"20713","5"
"20732","69"
"20736","81"
"20745","49"
"20753","92"
"20761","98"
"20817","71"
"20850","44"
"20853","65"
"20867","63"
"20869","89"
"20877","32"
"20902","24"
"20905","87"
"20921","82"
"20974","4"
"20996","79"
"21005","36"
"21011","22"
"21020","40"
"21032","51"
"21060","72"
"21062","34"
"21067","62"
"21086","67"
"21099","79"
"21100","27"
"21102","94"
"21115","20"
"21120","63"
"21123","57"
"21147","43"
"21148","2"
"21155","17"
"21179","68"
"21201","7"
"21210","92"
"21226","90"
"21233","93"
"21247","43"
"21256","82"
"21274","14"
"21284","55"
"21294","74"
"21310","1"
"21358","7"
"21384","31"
"21402","20"
"21421","30"
"21428","15"
"21434","74"
"21464","56"
"21473","4"
"21476","25"
"21496","66"
"21524","13"
"21563","82"
"21568","96"
"21593","23"
"21603","61"
"21610","20"
"21611","50"
"21621","83"
"21637","24"
"21646","33"
"21654","12"
"21664","52"
"21669","73"
"21671","79"
"21688","4"
"21752","76"
"21771","63"
"21773","78"
"21782","30"
"21798","24"
"21804","6"
"21810","4"
"21825","17"
"21834","22"
"21842","57"
"21847","67"
"21850","90"
"21875","54"
"21880","39"
"21885","20"
"21894","33"
"21904","24"
"21909","15"
"21912","97"
"21917","92"
"21921","74"
"21929","18"
"21943","49"
"21944","80"
"21948","6"
"22009","85"
"22051","34"
"22054","58"
"22057","42"
"22063","14"
"22072","27"
"22084","39"
"22092","28"
"22096","56"
"22116","19"
"22138","67"
"22146","84"
"22157","85"
"22167","69"
"22190","27"
"22202","18"
"22208","83"
"22221","77"
"22227","59"
"22232","59"
"22235","37"
"22263","4"
"22282","71"
"22283","27"
"22294","50"
"22299","52"
"22310","84"
"22312","74"
"22322","33"
"22342","84"
"22356","66"
"22367","40"
"22382","55"
"22400","36"
"22408","82"
"22439","49"
"22443","42"
"22454","33"
"22478","53"
"22488","43"
"22492","62"
"22504","47"
"22507","45"
"22511","25"
"22513","39"
"22523","46"
"22530","50"
"22539","86"
"22544","62"
"22559","28"
"22572","29"
"22590","83"
"22594","45"
"22606","48"
"22622","58"
"22631","45"
"22639","4"
"22660","36"
"22664","69"
"22682","9"
"22696","89"
"22705","90"
"22717","59"
"22733","62"
"22751","81"
"22753","56"
"22755","85"
"22762","11"
"22807","81"
"22816","75"
"22836","69"
"22842","4"
"22860","39"
"22865","77"
"22882","47"
"22899","64"
"22903","38"
"22905","52"
"22915","15"
"22917","31"
"22922","7"
"22939","42"
"22949","55"
"22971","83"
"22978","66"
"22996","61"
"23018","57"
"23025","67"
"23043","27"
"23070","88"
"23075","20"
"23077","87"
"23082","42"
"23108","27"
"23132","46"
"23152","100"
"23167","36"
"23168","97"
"23169","73"
"23186","84"
"23206","57"
"23207","33"
"23218","35"
"23239","40"
"23253","98"
"23259","15"
"23269","74"
"23278","38"
"23288","16"
"23294","98"
"23303","62"
"23304","95"
"23340","27"
"23350","26"
"23370","50"
"23377","49"
"23393","73"
"23417","4"
"23424","62"
"23431","54"
"23444","60"
"23466","12"
"23485","13"
"23495","84"
"23504","15"
"23522","65"
"23529","45"
"23537","52"
"23549","46"
"23551","33"
"23556","1"
"23563","2"
"23566","3"
"23577","97"
"23594","17"
"23598","77"
"23614","14"
"23623","41"
"23645","68"
"23663","42"
"23678","65"
"23688","42"
"23709","66"
"23723","78"
"23725","96"
"23726","6"
"23743","5"
"23748","5"
"23750","97"
"23755","53"
"23758","57"
"23765","79"
"23776","24"
"23809","43"
"23816","14"
"23836","9"
"23839","35"
"23846","65"
"23871","86"
"23899","14"
"23909","100"
"23932","79"
"23945","86"
"23954","15"
"23962","86"
"23975","27"
"23976","77"
"23979","48"
"23987","9"
"23996","16"
"24005","67"
"24011","76"
"24023","93"
"24036","14"
"24063","35"
"24086","36"
"24102","14"
"24151","48"
"24159","16"
"24194","89"
"24196","85"
"24209","11"
"24217","57"
"24225","95"
"24235","61"
"24243","55"
"24251","71"
"24257","9"
"24278","26"
"24286","91"
"24320","80"
"24325","83"
"24329","26"
"24338","31"
"24347","9"
"24349","62"
"24357","1"
"24361","66"
"24363","15"
"24368","73"
"24388","95"
"24389","8"
"24395","30"
"24411","6"
"24420","42"
"24426","54"
"24429","24"
"24437","83"
"24457","34"
"24474","51"
"24479","32"
"24491","15"
"24499","30"
"24521","80"
"24540","55"
"24548","97"
"24557","95"
"24576","86"
"24584","8"
"24595","82"
"24603","15"
"24608","4"
"24617","40"
"24622","72"
"24631","81"
"24637","18"
"24638","76"
"24642","26"
"24655","67"
"24657","6"
"24663","65"
"24674","26"
"24684","17"
"24690","29"
"24703","80"
"24717","5"
"24726","48"
"24728","25"
"24729","85"
"24735","95"
"24745","12"
"24768","65"
"24776","10"
"24788","17"
"24803","96"
"24811","25"
"24814","11"
"24816","24"
"24822","46"
"24834","94"
"24870","67"
"24882","61"
"24891","44"
"24892","53"
"24901","71"
"24939","70"
"24943","51"
"24980","3"
"24990","72"
"24993","94"
"25005","54"
"25015","50"
"25021","46"
"25037","23"
"25045","90"
"25074","48"
"25103","60"
"25133","100"
"25147","45"
"25173","39"
"25174","63"
"25181","42"
"25197","20"
"25217","23"
"25230","17"
"25250","51"
"25263","45"
"25304","76"
"25314","78"
"25316","76"
"25323","16"
"25333","48"
"25345","13"
"25358","39"
"25367","66"
"25385","54"
"25404","29"
"25417","72"
"25436","52"
"25447","18"
"25463","81"
"25495","19"
"25500","71"
"25515","46"
"25528","54"
"25529","100"
"25538","54"
"25548","47"
"25582","28"
"25588","2"
"25595","50"
"25614","32"
"25625","55"
"25635","78"
"25638","90"
"25648","82"
"25651","6"
"25660","54"
"25669","52"
"25701","97"
"25711","5"
"25726","56"
"25727","32"
"25738","31"
"25764","58"
"25771","72"
"25773","63"
"25831","68"
"25832","82"
"25852","2"
"25856","6"
"25858","93"
"25889","8"
"25894","30"
"25905","24"
"25907","28"
"25913","43"
"25932","94"
"25940","64"
"25958","46"
"25982","100"
"25995","13"
"26027","61"
"26029","43"
"26032","14"
"26035","81"
"26042","24"
"26093","46"
"26119","72"
"26137","46"
"26152","87"
"26162","23"
"26164","13"
"26175","67"
"26178","19"
"26185","30"
"26190","81"
"26203","33"
"26227","8"
"26239","80"
"26250","36"
"26265","30"
"26277","22"
"26282","34"
"26292","35"
"26296","11"
"26315","53"
"26316","2"
"26321","31"
"26334","97"
"26346","73"
"26355","34"
"26365","51"
"26385","2"
"26391","79"
"26396","62"
"26404","86"
"26424","7"
"26442","48"
"26465","90"
"26474","44"
"26479","32"
"26511","43"
"26527","40"
"26536","85"
"26538","12"
"26547","98"
"26555","19"
"26574","25"
"26576","30"
"26587","47"
"26588","11"
"26590","34"
"26598","19"
"26604","10"
"26615","3"
"26620","48"
"26622","12"
"26645","82"
"26673","67"
"26680","4"
"26688","64"
"26691","50"
"26716","51"
"26725","58"
"26726","32"
"26744","2"
"26773","57"
"26791","75"
"26806","95"
"26883","94"
"26919","49"
"26927","68"
"26944","7"
"26975","58"
"27007","63"
"27018","18"
"27023","85"
"27037","35"
"27040","25"
"27050","35"
"27051","49"
"27055","91"
"27094","35"
"27101","79"
"27113","20"
"27123","17"
"27131","18"
"27157","79"
"27158","99"
"27166","27"
"27171","30"
"27198","25"
"27222","33"
"27225","39"
"27227","19"
"27257","57"
"27264","65"
"27273","62"
"27279","34"
"27290","91"
"27316","86"
"27338","31"
"27344","11"
"27411","14"
"27421","44"
"27435","35"
"27442","61"
"27445","31"
"27454","31"
"27471","18"
"27476","90"
"27480","42"
"27492","47"
"27507","58"
"27516","63"
"27526","13"
"27555","72"
"27576","65"
"27586","1"
"27595","28"
"27605","85"
"27611","13"
"27612","26"
"27628","27"
"27632","18"
"27639","4"
"27642","48"
"27658","15"
"27659","58"
"27663","17"
"27664","18"
"27676","75"
"27712","83"
"27739","11"
"27747","44"
"27794","59"
"27826","64"
"27836","34"
"27838","68"
"27844","24"
"27860","51"
"27861","90"
"27871","26"
"27882","71"
"27884","32"
"27887","41"
"27909","18"
"27917","28"
"27933","67"
"27948","53"
"27964","39"
"27989","40"
"27998","16"
"27999","85"
"28015","30"
"28044","47"
"28045","57"
"28048","41"
"28067","96"
"28085","27"
"28091","21"
"28107","3"
"28121","27"
"28130","40"
"28154","46"
"28165","96"
"28172","96"
"28191","4"
"28211","23"
"28220","3"
"28247","59"
"28258","25"
"28267","2"
"28274","4"
"28302","81"
"28308","15"
"28318","32"
"28325","78"
"28336","92"
"28346","66"
"28357","58"
"28373","91"
"28408","14"
"28411","58"
"28415","57"
"28434","30"
"28442","53"
"28456","75"
"28463","74"
"28484","80"
"28496","85"
"28516","21"
"28547","24"
"28555","37"
"28564","3"
"28577","57"
"28600","98"
"28613","4"
"28652","8"
"28673","72"
"28686","5"
"28700","62"
"28704","34"
"28726","97"
"28734","34"
"28757","81"
"28760","36"
"28770","82"
"28772","26"
"28795","33"
"28799","20"
"28800","47"
"28801","76"
"28803","71"
"28839","11"
"28866","9"
"28875","11"
"28887","22"
"28900","95"
"28913","69"
"28934","35"
"28942","51"
"28961","84"
"28972","30"
"28979","47"
"29002","91"
"29015","33"
"29052","75"
"29062","96"
"29073","7"
"29079","28"
"29087","25"
"29100","6"
"29108","78"
"29114","23"
"29122","69"
"29127","71"
"29136","100"
"29149","38"
"29153","36"
"29157","35"
"29162","47"
"29189","56"
"29196","87"
"29211","94"
"29222","2"
"29233","76"
"29238","12"
"29248","91"
"29249","80"
"29260","15"
"29303","6"
"29310","60"
"29313","10"
"29328","33"
"29330","1"
"29343","39"
"29358","62"
"29368","97"
"29388","94"
"29398","35"
"29416","12"
"29419","1"
"29421","20"
"29440","62"
"29466","32"
"29468","14"
"29474","69"
"29487","84"
"29514","25"
"29524","5"
"29530","91"
"29535","56"
"29541","18"
"29551","24"
"29566","72"
"29597","46"
"29621","71"
"29651","57"
"29654","53"
"29655","59"
"29662","19"
"29681","22"
"29704","13"
"29722","48"
"29726","14"
"29740","41"
"29746","83"
"29763","54"
"29798","17"
"29799","39"
"29801","62"
"29805","71"
"29820","43"
"29829","95"
"29832","36"
"29834","57"
"29842","81"
"29848","11"
"29859","60"
"29877","81"
"29882","92"
"29886","57"
"29889","48"
"29890","76"
"29895","87"
"29906","52"
"29917","94"
"29927","78"
"29933","13"
"29948","63"
"29958","29"
"29973","59"
"30005","26"
"30022","71"
"30023","15"
"30034","5"
"30061","33"
"30077","12"
"30085","74"
"30108","89"
"30110","57"
"30131","26"
"30154","63"
"30178","94"
"30183","30"
"30190","89"
"30209","88"
"30215","16"
"30234","46"
"30252","27"
"30267","83"
"30280","9"
"30281","24"
"30287","31"
"30292","66"
"30297","41"
"30322","90"
"30334","87"
"30361","26"
"30364","51"
"30368","94"
"30377","50"
"30395","78"
"30417","82"
"30480","81"
"30513","7"
"30523","100"
"30532","24"
"30552","83"
"30553","93"
"30556","35"
"30557","58"
"30559","25"
"30572","46"
"30586","3"
"30596","82"
"30626","81"
"30635","27"
"30640","25"
"30647","32"
"30648","77"
"30658","19"
"30672","62"
"30681","91"
"30695","18"
"30697","61"
"30707","61"
"30716","80"
"30722","87"
"30729","11"
"30737","59"
"30750","81"
"30751","65"
"30763","5"
"30809","28"
"30818","3"
"30842","12"
"30871","82"
"30877","41"
"30886","5"
"30891","52"
"30892","55"
"30916","91"
"30926","61"
"30927","53"
"30951","97"
"30961","42"
"30979","91"
"31014","51"
"31048","30"
"31066","48"
"31116","5"
"31125","82"
"31132","88"
"31137","28"
"31142","29"
"31151","9"
"31184","82"
"31213","17"
"31232","44"
"31246","7"
"31268","14"
"31295","44"
"31305","40"
"31316","16"
"31336","98"
"31339","68"
"31356","35"
"31367","21"
"31398","68"
"31405","67"
"31416","98"
"31438","97"
"31457","98"
"31484","47"
"31492","4"
"31519","90"
"31527","25"
"31532","82"
"31557","39"
"31573","92"
"31587","53"
"31597","72"
"31611","94"
"31617","85"
"31625","99"
"31633","1"
"31646","49"
"31656","15"
"31658","13"
"31671","84"
"31681","94"
"31685","96"
"31717","60"
"31727","41"
"31738","32"
"31751","62"
"31755","11"
"31775","80"
"31805","4"
"31818","59"
"31819","79"
"31841","86"
"31847","91"
"31855","49"
"31862","68"
"31877","82"
"31894","20"
"31900","88"
"31906","80"
"31916","49"
"31969","65"
"31973","30"
"31982","52"
"31990","53"
"32000","84"
"32001","49"
"32009","56"
"32020","84"
"32026","27"
"32027","37"
"32032","90"
"32053","78"
"32054","79"
"32068","64"
"32091","33"
"32094","31"
"32104","3"
"32114","18"
"32121","83"
"32163","7"
"32172","44"
"32204","42"
"32210","86"
"32223","52"
"32234","60"
"32237","74"
"32259","74"
"32273","17"
"32275","28"
"32281","49"
"32288","73"
"32321","17"
"32358","81"
"32364","52"
"32370","54"
"32393","68"
"32399","2"
"32412","45"
"32421","58"
"32422","38"
"32426","29"
"32430","37"
"32435","67"
"32493","80"
"32522","20"
"32533","94"
"32538","41"
"32577","39"
"32601","47"
"32605","74"
"32615","3"
"32617","100"
"32624","29"
"32631","58"
"32660","78"
"32669","10"
"32673","85"
"32704","12"
"32739","49"
"32747","81"
"32766","55"
"32786","82"
"32795","74"
"32805","50"
"32830","35"
"32839","33"
"32870","84"
"32877","86"
"32885","48"
"32898","26"
"32924","54"
"32939","77"
"32949","17"
"32963","55"
"32994","83"
"32995","19"
"33013","37"
"33016","89"
"33017","29"
"33020","11"
"33030","63"
"33068","3"
"33074","21"
"33102","21"
"33109","39"
"33119","25"
"33129","72"
"33141","100"
"33156","83"
"33161","98"
"33179","51"
"33189","12"
"33194","79"
"33206","76"
"33218","33"
"33226","36"
"33230","29"
"33237","67"
"33254","18"
"33262","67"
"33274","43"
"33288","46"
"33311","71"
"33320","33"
"33334","67"
"33348","5"
"33354","28"
"33407","85"
"33417","38"
"33433","75"
"33440","4"
"33442","44"
"33461","59"
"33472","61"
"33485","37"
"33511","78"
"33529","61"
"33532","16"
"33548","82"
"33551","25"
"33560","55"
"33565","85"
"33596","60"
"33614","47"
"33646","13"
"33652","94"
"33664","45"
"33673","71"
"33687","95"
"33696","24"
"33706","31"
"33716","14"
"33731","21"
"33738","33"
"33753","60"
"33761","27"
"33767","94"
"33781","60"
"33816","69"
"33850","36"
"33855","85"
"33858","38"
"33861","36"
"33870","91"
"33891","36"
"33914","100"
"33919","24"
"33925","45"
"33949","66"
"33979","84"
"33988","15"
"33993","60"
"33996","38"
"34025","12"
"34027","48"
"34044","65"
"34062","46"
"34107","27"
"34117","54"
"34142","7"
"34151","5"
"34167","61"
"34177","25"
"34187","26"
"34193","7"
"34201","6"
"34211","54"
"34225","70"
"34236","15"
"34274","79"
"34276","38"
"34281","96"
"34285","1"
"34328","36"
"34333","76"
"34348","19"
"34357","30"
"34405","83"
"34439","9"
"34444","18"
"34462","17"
"34511","93"
"34512","83"
"34520","6"
"34530","6"
"34533","53"
"34536","1"
"34542","14"
"34553","87"
"34588","67"
"34594","92"
"34597","93"
"34606","13"
"34616","32"
"34620","50"
"34634","49"
"34644","66"
"34651","74"
"34678","29"
"34694","19"
"34696","29"
"34702","39"
"34725","55"
"34728","40"
"34743","48"
"34746","12"
"34768","61"
"34770","19"
"34780","1"
"34796","61"
"34809","7"
"34825","13"
"34831","18"
"34848","34"
"34854","76"
"34867","85"
"34877","63"
"34878","61"
"34888","17"
"34897","16"
"34901","42"
"34907","81"
"34917","74"
"34921","100"
"34933","23"
"34953","12"
"34966","19"
"34967","32"
"34971","77"
"34987","15"
"35014","27"
"35017","80"
"35027","31"
"35033","79"
"35037","45"
"35042","99"
"35046","55"
"35064","17"
"35068","93"
"35080","2"
"35093","41"
"35096","35"
"35107","61"
"35130","99"
"35142","65"
"35162","96"
"35172","2"
"35183","76"
"35193","89"
"35213","47"
"35230","34"
"35236","72"
"35243","38"
"35257","90"
"35267","65"
"35276","9"
"35282","3"
"35285","49"
"35290","61"
"35338","5"
"35350","10"
"35366","23"
"35380","42"
"35396","38"
"35401","80"
"35430","55"
"35438","67"
"35451","10"
"35468","59"
"35516","56"
"35523","78"
"35530","84"
"35531","54"
"35532","24"
"35541","92"
"35545","4"
"35552","59"
"35557","88"
"35564","77"
"35598","51"
"35614","6"
"35617","95"
"35625","5"
"35628","27"
"35636","66"
"35659","44"
"35672","83"
"35710","48"
"35719","60"
"35745","65"
"35753","10"
"35760","67"
"35789","65"
"35803","63"
"35817","86"
"35825","3"
"35827","24"
"35831","7"
"35840","47"
"35858","8"
"35866","6"
"35877","81"
"35882","86"
"35884","4"
"35892","4"
"35898","100"
"35917","95"
"35919","10"
"35931","67"
"35946","37"
"35960","17"
"35961","10"
"35973","53"
"35980","27"
"35996","42"
"36002","19"
"36046","95"
"36066","86"
"36082","23"
"36090","30"
"36096","77"
"36105","75"
"36116","68"
"36119","26"
"36131","95"
"36133","73"
"36167","43"
"36178","99"
"36180","35"
"36194","5"
"36204","4"
"36224","37"
"36250","83"
"36251","80"
"36261","16"
"36265","23"
"36278","86"
"36286","65"
"36292","74"
"36303","30"
"36310","13"
"36324","82"
"36330","17"
"36340","35"
"36345","41"
"36351","8"
"36359","99"
"36374","45"
"36385","63"
"36402","36"
"36461","61"
"36480","86"
"36484","9"
"36487","56"
"36492","10"
"36498","89"
"36508","88"
"36520","9"
"36528","51"
"36531","74"
"36541","20"
"36548","83"
"36562","56"
"36564","17"
"36566","4"
"36575","94"
"36596","12"
"36615","47"
"36633","23"
"36650","95"
"36669","13"
"36694","78"
"36695","95"
"36704","9"
"36713","71"
"36720","8"
"36724","72"
"36731","9"
"36739","15"
"36761","40"
"36764","4"
"36775","5"
"36780","96"
"36789","20"
"36797","81"
"36798","65"
"36808","18"
"36820","18"
"36830","51"
"36842","13"
"36861","14"
"36884","39"
"36899","43"
"36915","93"
"36930","49"
"36949","5"
"36951","16"
"36966","30"
"36976","68"
"36978","98"
"37001","86"
"37010","49"
"37014","14"
"37017","17"
"37018","52"
"37020","10"
"37033","90"
"37036","9"
"37049","12"
"37056","88"
"37065","53"
"37073","87"
"37101","66"
"37139","18"
"37160","89"
"37161","30"
"37170","61"
"37205","86"
"37211","6"
"37212","90"
"37216","12"
"37219","25"
"37228","83"
"37236","9"
"37240","93"
"37245","92"
"37260","26"
"37270","42"
"37275","47"
"37281","82"
"37298","18"
"37311","16"
"37318","80"
"37321","7"
"37328","85"
"37341","44"
"37350","2"
"37354","86"
"37363","54"
"37371","71"
"37394","55"
"37402","73"
"37443","99"
"37449","90"
"37486","70"
"37491","25"
"37493","87"
"37502","15"
"37511","24"
"37524","5"
"37534","36"
"37571","78"
"37594","24"
"37595","63"
"37604","6"
"37668","48"
"37686","3"
"37699","92"
"37707","68"
"37722","54"
"37725","6"
"37729","92"
"37739","62"
"37750","25"
"37752","55"
"37779","56"
"37786","31"
"37799","64"
"37821","57"
"37824","88"
"37837","97"
"37841","58"
"37849","28"
"37852","47"
"37859","3"
"37875","44"
"37885","57"
"37895","53"
"37903","42"
"37911","83"
"37919","16"
"37931","2"
"37934","20"
"37943","70"
"37970","39"
"37975","53"
"37977","37"
"37981","54"
"37990","63"
"38003","75"
"38011","20"
"38031","29"
"38040","13"
"38049","42"
"38055","68"
"38059","71"
"38061","66"
"38064","80"
"38070","79"
"38074","54"
"38075","46"
"38111","62"
"38112","74"
"38123","97"
"38129","41"
"38158","57"
"38190","54"
"38200","19"
"38222","80"
"38231","9"
"38243","29"
"38269","42"
"38276","56"
"38288","56"
"38301","10"
"38326","82"
"38333","67"
"38335","14"
"38353","59"
"38367","14"
"38399","9"
"38413","12"
"38418","10"
"38436","75"
"38443","62"
"38471","99"
"38493","52"
"38498","56"
"38535","26"
"38541","86"
"38544","42"
"38567","70"
"38568","19"
"38594","39"
"38628","32"
"38646","43"
"38656","39"
"38674","56"
"38688","62"
"38696","58"
"38704","66"
"38719","10"
"38728","32"
"38739","99"
"38748","69"
"38751","92"
"38754","97"
"38777","65"
"38790","3"
"38803","78"
"38828","25"
"38842","91"
"38849","70"
"38852","30"
"38861","39"
"38884","77"
"38894","79"
"38898","60"
"38931","15"
"38939","60"
"38944","46"
"38962","13"
"38988","67"
"38997","26"
"39003","36"
"39013","50"
"39021","37"
"39042","1"
"39057","6"
"39083","18"
"39093","73"
"39097","16"
"39105","99"
"39129","52"
"39140","78"
"39153","74"
"39201","50"
"39212","7"
"39218","84"
"39249","68"
"39256","83"
"39300","18"
"39327","33"
"39331","41"
"39342","87"
"39347","46"
"39350","64"
"39360","7"
"39367","17"
"39385","92"
"39395","44"
"39396","4"
"39401","8"
"39413","78"
"39427","37"
"39440","64"
"39446","57"
"39452","18"
"39470","44"
"39480","79"
"39491","28"
"39494","2"
"39536","43"
"39550","12"
"39553","36"
"39555","80"
"39561","63"
"39567","45"
"39607","63"
"39622","70"
"39641","13"
"39655","58"
"39676","5"
"39684","1"
"39692","76"
"39695","47"
"39700","14"
"39713","28"
"39732","7"
"39791","63"
"39799","59"
"39807","86"
"39848","12"
"39867","74"
"39868","75"
"39895","16"
"39899","68"
"39923","58"
"39940","29"
"39971","38"
"39973","44"
"39987","1"
"39997","94"
"40006","86"
"40015","21"
"40016","20"
"40044","74"
"40046","46"
"40053","65"
"40057","67"
"40079","18"
"40085","74"
"40093","20"
"40096","24"
"40106","2"
"40107","2"
"40118","14"
"40127","43"
"40132","56"
"40141","41"
"40171","24"
"40174","22"
"40191","83"
"40202","97"
"40207","98"
"40229","25"
"40239","63"
"40250","14"
"40253","9"
"40267","6"
"40275","49"
"40284","95"
"40307","76"
"40321","76"
"40341","64"
"40343","86"
"40348","9"
"40374","70"
"40384","80"
"40392","23"
"40409","47"
"40412","15"
"40419","40"
"40444","88"
"40458","59"
"40470","4"
"40483","82"
"40489","93"
"40495","25"
"40501","22"
"40534","10"
"40548","65"
"40554","85"
"40562","32"
"40591","20"
"40592","40"
"40593","89"
"40622","53"
"40631","58"
"40633","79"
"40643","80"
"40651","53"
"40664","54"
"40670","27"
"40686","99"
"40689","91"
"40701","90"
"40709","66"
"40723","69"
"40727","70"
"40742","1"
"40750","98"
"40751","52"
"40770","3"
"40776","25"
"40780","95"
"40796","100"
"40820","41"
"40821","5"
"40829","94"
"40841","78"
"40881","43"
"40895","64"
"40904","51"
"40924","35"
"40931","1"
"40942","96"
"40967","91"
"40973","89"
"40978","17"
"40994","27"
"41022","31"
"41029","46"
"41040","66"
"41058","54"
"41066","72"
"41121","72"
"41127","100"
"41149","95"
"41164","29"
"41166","87"
"41176","78"
"41179","66"
"41188","67"
"41200","82"
"41201","87"
"41222","29"
"41230","38"
"41231","21"
"41236","10"
"41249","43"
"41260","84"
"41263","10"
"41267","18"
"41318","69"
"41330","78"
"41339","67"
"41357","82"
"41371","84"
"41379","40"
"41384","25"
"41417","97"
"41420","10"
"41431","74"
"41432","87"
"41441","47"
"41450","86"
"41455","16"
"41505","84"
"41523","72"
"41528","99"
"41538","34"
"41546","78"
"41551","59"
"41554","97"
"41583","100"
"41598","17"
"41604","50"
"41616","91"
"41625","53"
"41633","9"
"41639","14"
"41645","36"
"41648","94"
"41666","15"
"41672","6"
"41685","73"
"41704","64"
"41711","30"
"41716","90"
"41721","10"
"41725","21"
"41736","27"
"41741","21"
"41755","42"
"41756","44"
"41760","62"
"41801","29"
"41805","89"
"41813","73"
"41832","39"
"41843","18"
"41847","84"
"41848","37"
"41857","8"
"41862","39"
"41878","24"
"41893","86"
"41910","72"
"41913","11"
"41955","5"
"41959","70"
"41968","51"
"41971","5"
"41978","83"
"41989","91"
"41997","60"
"42027","84"
"42046","44"
"42079","68"
"42092","61"
"42120","24"
"42136","71"
"42143","11"
"42160","27"
"42166","33"
"42198","56"
"42203","10"
"42208","77"
"42230","32"
"42250","38"
"42258","48"
"42278","55"
"42287","87"
"42297","68"
"42307","6"
"42312","20"
"42325","44"
"42335","15"
"42344","100"
"42349","66"
"42359","68"
"42362","82"
"42365","10"
"42372","94"
"42423","60"
"42439","54"
"42446","55"
"42455","89"
"42461","94"
"42473","23"
"42474","64"
"42481","60"
"42485","41"
"42492","14"
"42495","89"
"42501","34"
"42503","8"
"42529","64"
"42550","43"
"42561","25"
"42584","5"
"42598","13"
"42605","36"
"42615","21"
"42625","19"
"42632","75"
"42642","89"
"42674","60"
"42682","49"
"42701","56"
"42727","54"
"42733","77"
"42747","17"
"42754","91"
"42762","43"
"42768","93"
"42790","78"
"42799","92"
"42823","54"
"42824","23"
"42837","28"
"42869","8"
"42872","59"
"42914","61"
"42920","79"
"42921","49"
"42929","99"
"42940","15"
"42946","60"
"42967","59"
"42972","5"
"42976","83"
"42983","68"
"42999","90"
"43014","48"
"43033","23"
"43044","89"
"43072","27"
"43079","42"
"43136","28"
"43138","68"
"43150","75"
"43155","85"
"43164","88"
"43177","87"
"43190","96"
"43218","32"
"43230","27"
"43285","98"
"43295","69"
"43312","75"
"43319","70"
"43333","36"
"43347","37"
"43352","14"
"43355","52"
"43358","91"
"43383","60"
"43388","63"
"43417","84"
"43418","93"
"43469","92"
"43474","28"
"43477","15"
"43492","87"
"43504","56"
"43512","21"
"43520","78"
"43525","26"
"43532","100"
"43545","78"
"43554","6"
"43571","31"
"43576","89"
"43585","51"
"43603","27"
"43608","6"
"43612","75"
"43620","65"
"43648","93"
"43654","61"
"43665","70"
"43688","56"
"43691","63"
"43717","7"
"43727","50"
"43770","16"
"43776","57"
"43783","43"
"43787","89"
"43796","26"
"43808","7"
"43818","89"
"43825","76"
"43848","92"
"43861","60"
"43871","68"
"43925","37"
"43929","95"
"43932","67"
"43943","58"
"43950","81"
"43951","73"
"43959","14"
"43984","58"
"43989","94"
"43998","13"
"44005","97"
"44012","92"
"44014","39"
"44034","88"
"44035","99"
"44040","86"
"44043","91"
"44063","21"
"44070","28"
"44092","49"
"44098","15"
"44107","98"
"44110","94"
"44121","54"
"44133","70"
"44140","63"
"44152","20"
"44171","20"
"44187","70"
"44194","6"
"44223","27"
"44225","98"
"44240","100"
"44254","8"
"44259","12"
"44275","58"
"44283","43"
"44301","69"
"44325","34"
"44372","67"
"44378","67"
"44402","85"
"44410","93"
"44420","56"
"44426","48"
"44428","11"
"44434","76"
"44447","83"
"44463","48"
"44472","63"
"44496","99"
"44515","82"
"44530","50"
"44572","20"
"44586","41"
"44596","83"
"44608","41"
"44619","69"
"44623","57"
"44625","65"
"44628","29"
"44637","80"
"44640","53"
"44641","15"
"44656","87"
"44690","61"
"44701","77"
"44711","81"
"44752","19"
"44756","25"
"44770","23"
"44773","57"
"44788","14"
"44799","64"
"44808","34"
"44816","19"
"44822","22"
"44826","83"
"44837","31"
"44852","61"
"44858","81"
"44864","82"
"44879","26"
"44890","25"
"44896","20"
"44918","95"
"44930","22"
"44938","17"
"44951","54"
"44957","18"
"44962","65"
"45002","82"
"45021","56"
"45027","77"
"45028","50"
"45033","21"
"45053","48"
"45059","83"
"45063","16"
"45086","66"
"45087","7"
"45109","52"
"45111","29"
"45118","60"
"45122","93"
"45144","23"
"45147","33"
"45160","22"
"45170","59"
"45179","1"
"45189","93"
"45206","4"
"45214","83"
"45219","36"
"45227","73"
"45234","52"
"45240","86"
"45260","73"
"45266","12"
"45285","12"
"45294","1"
"45328","58"
"45336","45"
"45345","86"
"45347","23"
"45353","16"
"45371","67"
"45376","82"
"45385","96"
"45403","90"
"45410","74"
"45425","3"
"45440","82"
"45441","65"
"45469","67"
"45483","91"
"45495","64"
"45515","87"
"45522","66"
"45532","26"
"45572","8"
"45579","37"
"45590","92"
"45595","17"
"45603","54"
"45615","40"
"45640","1"
"45643","85"
"45695","88"
"45696","5"
"45705","27"
"45715","90"
"45724","46"
"45737","7"
"45742","55"
"45749","22"
"45755","82"
"45761","23"
"45776","90"
"45783","33"
"45790","61"
"45798","51"
"45804","61"
"45833","59"
"45834","69"
"45839","2"
"45851","57"
"45852","56"
"45873","38"
"45891","56"
"45899","83"
"45925","77"
"45934","100"
"45947","83"
"45953","1"
"45978","1"
"45988","51"
"45992","42"
"46002","43"
"46017","72"
"46021","69"
"46024","67"
"46032","56"
"46052","94"
"46076","71"
"46088","30"
"46094","80"
"46096","24"
"46103","21"
"46124","32"
"46132","23"
"46137","46"
"46144","91"
"46152","41"
"46183","15"
"46192","18"
"46219","9"
"46221","69"
"46254","17"
"46264","90"
"46273","42"
"46280","8"
"46289","11"
"46307","55"
"46335","57"
"46338","83"
"46352","94"
"46362","16"
"46382","76"
"46399","95"
"46432","94"
"46438","57"
"46442","9"
"46454","38"
"46456","76"
"46488","76"
"46496","20"
"46505","80"
"46507","9"
"46512","72"
"46514","78"
"46522","79"
"46535","93"
"46545","100"
"46570","11"
"46599","50"
"46604","1"
"46612","72"
"46621","93"
"46626","58"
"46660","61"
"46670","34"
"46687","21"
"46707","95"
"46711","62"
"46728","73"
"46735","47"
"46741","68"
"46750","89"
"46755","46"
"46761","97"
"46765","47"
"46779","36"
"46787","98"
"46794","9"
"46802","55"
"46829","32"
"46834","32"
"46861","45"
"46876","34"
"46898","34"
"46903","55"
"46909","60"
"46919","66"
"46943","64"
"46960","13"
"46971","78"
"46974","74"
"46985","40"
"46999","41"
"47004","6"
"47018","52"
"47027","23"
"47042","95"
"47047","17"
"47067","80"
"47071","69"
"47079","91"
"47081","57"
"47084","94"
"47110","14"
"47123","87"
"47138","9"
"47150","79"
"47160","83"
"47166","85"
"47193","41"
"47211","67"
"47228","97"
"47236","48"
"47274","57"
"47279","95"
"47309","6"
"47324","69"
"47332","51"
"47339","37"
"47351","68"
"47355","57"
"47385","41"
"47391","100"
"47406","55"
"47419","80"
"47460","20"
"47470","95"
"47473","87"
"47496","20"
"47506","1"
"47532","25"
"47539","11"
"47548","98"
"47551","91"
"47560","3"
"47577","87"
"47593","5"
"47596","22"
"47600","70"
"47620","16"
"47624","80"
"47630","66"
"47635","93"
"47643","2"
"47704","71"
"47710","92"
"47729","7"
"47742","16"
"47743","74"
"47753","41"
"47758","9"
"47776","60"
"47785","37"
"47790","73"
"47804","5"
"47808","89"
"47813","81"
"47817","36"
"47838","99"
"47852","81"
"47881","6"
"47899","19"
"47903","19"
"47913","39"
"47917","12"
"47921","55"
"47928","52"
"47936","21"
"47940","75"
"47946","55"
"47962","77"
"47969","44"
"47978","66"
"47982","64"
"47992","52"
"47995","23"
"48007","53"
"48026","94"
"48029","39"
"48033","30"
"48043","93"
"48084","21"
"48086","26"
"48095","75"
"48105","2"
"48114","98"
"48115","71"
"48128","17"
"48131","45"
"48160","77"
"48181","24"
"48201","7"
"48207","1"
"48222","21"
"48235","87"
"48245","70"
"48271","10"
"48286","33"
"48295","44"
"48309","42"
"48315","78"
"48334","50"
"48345","99"
"48353","50"
"48357","28"
"48366","45"
"48376","45"
"48384","72"
"48395","33"
"48405","73"
"48419","2"
"48425","64"
"48430","77"
"48455","53"
"48476","32"
"48486","82"
"48496","55"
"48502","27"
"48519","42"
"48553","91"
"48573","53"
"48582","83"
"48599","84"
"48613","29"
"48622","47"
"48641","96"
"48646","89"
"48663","29"
"48666","77"
"48691","53"
"48697","66"
"48707","26"
"48708","29"
"48730","69"
"48740","61"
"48758","35"
"48763","41"
"48803","42"
"48811","94"
"48827","90"
"48837","1"
"48844","44"
"48845","60"
"48847","72"
"48853","76"
"48871","55"
"48874","28"
"48884","16"
"48888","97"
"48916","47"
"48921","28"
"48937","38"
"48938","49"
"48947","46"
"48960","49"
"48976","65"
"48980","75"
"48990","84"
"48993","51"
"48995","55"
"49013","60"
"49033","35"
"49091","73"
"49096","25"
"49130","49"
"49145","23"
"49148","80"
"49173","80"
"49189","83"
"49200","16"
"49213","32"
"49220","3"
"49225","18"
"49235","80"
"49245","63"
"49246","36"
"49261","89"
"49282","96"
"49290","74"
"49310","19"
"49313","39"
"49346","21"
"49357","68"
"49383","36"
"49425","48"
"49447","96"
"49473","26"
"49480","28"
"49488","75"
"49497","62"
"49504","21"
"49510","95"
"49514","28"
"49515","66"
"49544","94"
"49562","81"
"49573","2"
"49586","76"
"49591","98"
"49593","83"
"49618","3"
"49656","55"
"49675","3"
"49683","56"
"49692","95"
"49702","5"
"49711","45"
"49727","52"
"49751","35"
"49768","75"
"49801","32"
"49808","74"
"49819","33"
"49833","89"
"49851","31"
"49858","4"
"49863","10"
"49869","34"
"49873","98"
"49882","88"
"49890","43"
"49895","31"
"49898","88"
"49903","90"
"49939","37"
"49940","40"
"49949","22"
"49961","100"
"49970","75"
"49978","97"
"49985","70"
"49990","93"
"49991","76"
"50005","14"
"50012","34"
"50024","13"
"50059","62"
"50065","17"
"50072","25"
"50078","65"
"50088","37"
"50107","26"
"50109","68"
"50129","79"
"50143","10"
"50190","46"
"50200","6"
"50210","38"
"50228","9"
"50236","40"
"50241","49"
"50257","33"
"50269","56"
"50275","67"
"50279","87"
"50290","88"
"50297","11"
"50303","16"
"50304","99"
"50310","53"
"50324","89"
"50325","40"
"50372","6"
"50373","1"
"50379","47"
"50418","23"
"50429","65"
"50440","76"
"50444","100"
"50447","77"
"50450","38"
"50467","58"
"50472","24"
"50479","98"
"50487","61"
"50491","61"
"50496","54"
"50514","30"
"50536","61"
"50557","31"
"50558","58"
"50561","63"
"50570","4"
"50575","64"
"50587","31"
"50589","78"
"50618","48"
"50667","75"
"50678","41"
"50694","57"
"50701","91"
"50710","31"
"50715","58"
"50721","61"
"50727","47"
"50756","91"
"50764","3"
"50791","2"
"50797","24"
"50803","62"
"50812","38"
"50818","44"
"50823","58"
"50825","70"
"50833","7"
"50842","12"
"50872","53"
"50879","86"
"50901","27"
"50903","58"
"50933","1"
"50952","26"
"50955","79"
"50969","90"
"50978","19"
"50988","34"
"51017","99"
"51033","69"
"51078","94"
"51095","77"
"51136","88"
"51167","49"
"51202","43"
"51224","65"
"51229","73"
"51248","22"
"51258","76"
"51262","68"
"51270","80"
"51281","20"
"51302","54"
"51312","92"
"51318","96"
"51354","33"
"51358","16"
"51363","94"
"51374","11"
"51398","1"
"51417","50"
"51431","56"
"51432","64"
"51460","15"
"51463","64"
"51472","64"
"51489","58"
"51517","4"
"51531","72"
"51544","66"
"51562","18"
"51573","73"
"51586","41"
"51612","38"
"51616","80"
"51630","8"
"51637","50"
"51642","69"
"51655","53"
"51665","84"
"51673","78"
"51682","3"
"51690","61"
"51700","6"
"51736","56"
"51752","67"
"51784","19"
"51799","53"
"51806","12"
"51820","95"
"51833","95"
"51834","97"
"51844","76"
"51845","48"
"51854","30"
"51888","11"
"51889","57"
"51907","22"
"51913","38"
"51920","12"
"51938","31"
"51963","78"
"51965","91"
"51971","13"
"52002","26"
"52016","7"
"52024","30"
"52033","46"
"52048","51"
"52069","7"
"52077","31"
"52087","44"
"52123","63"
"52138","74"
"52142","50"
"52155","46"
"52159","45"
"52164","62"
"52172","65"
"52178","39"
"52183","89"
"52187","55"
"52194","51"
"52228","62"
"52275","57"
"52286","6"
"52312","39"
"52320","12"
"52337","55"
"52347","82"
"52356","77"
"52377","18"
"52384","93"
"52392","16"
"52418","84"
"52426","15"
"52433","2"
"52452","48"
"52454","49"
"52458","24"
"52463","67"
"52495","82"
"52498","80"
"52506","39"
"52524","3"
"52535","45"
"52540","81"
"52542","76"
"52556","52"
"52582","26"
"52583","90"
"52587","2"
"52594","25"
"52619","2"
"52625","89"
"52632","38"
"52637","6"
"52643","66"
"52654","41"
"52660","75"
"52679","85"
"52739","59"
"52756","73"
"52769","77"
"52778","77"
"52787","23"
"52797","22"
"52805","49"
"52841","2"
"52842","14"
"52853","18"
"52856","35"
"52884","56"
"52897","95"
"52944","96"
"52951","1"
"53026","42"
"53066","16"
"53085","95"
"53099","33"
"53101","87"
"53104","19"
"53136","30"
"53141","87"
"53170","1"
"53172","69"
"53180","38"
"53184","38"
"53188","34"
"53202","75"
"53207","31"
"53222","53"
"53232","37"
"53278","47"
"53285","27"
"53309","5"
"53314","47"
"53336","61"
"53356","23"
"53367","30"
"53381","86"
"53392","97"
"53398","15"
"53422","7"
"53444","24"
"53454","34"
"53473","35"
"53478","91"
"53499","65"
"53517","23"
"53522","25"
"53535","13"
"53537","29"
"53563","47"
"53566","43"
"53586","46"
"53598","12"
"53610","65"
"53614","26"
"53631","37"
"53637","98"
"53646","33"
"53656","76"
"53673","11"
"53674","93"
"53709","95"
"53722","96"
"53729","89"
"53738","88"
"53741","96"
"53766","40"
"53808","43"
"53830","49"
"53843","68"
"53849","18"
"53859","5"
"53868","88"
"53886","68"
"53905","91"
"53927","72"
"53951","83"
"53957","65"
"53966","78"
"53971","14"
"53984","57"
"54011","42"
"54045","51"
"54054","67"
"54057","28"
"54065","22"
"54074","9"
"54080","44"
"54087","17"
"54092","8"
"54097","68"
"54101","3"
"54109","16"
"54119","77"
"54126","81"
"54131","74"
"54137","47"
"54151","9"
"54168","86"
"54171","59"
"54181","66"
"54193","26"
"54211","82"
"54237","80"
"54265","44"
"54274","66"
"54291","89"
"54304","36"
"54345","35"
"54352","44"
"54362","26"
"54368","19"
"54379","48"
"54387","79"
"54391","82"
"54403","34"
"54430","42"
"54457","55"
"54461","67"
"54471","12"
"54491","58"
"54500","39"
"54517","94"
"54528","59"
"54532","61"
"54540","98"
"54552","60"
"54567","51"
"54576","99"
"54580","13"
"54594","78"
"54620","60"
"54627","95"
"54656","50"
"54665","22"
"54675","41"
"54688","1"
"54691","18"
"54692","64"
"54709","11"
"54718","49"
"54728","41"
"54733","59"
"54758","27"
"54769","99"
"54787","61"
"54824","92"
"54831","93"
"54843","8"
"54844","85"
"54850","75"
"54861","38"
"54862","91"
"54866","97"
"54873","61"
"54890","33"
"54904","10"
"54926","38"
"54936","74"
"54944","72"
"54950","16"
"54958","60"
"54968","53"
"54979","78"
"55008","85"
"55038","41"
"55041","60"
"55046","40"
"55064","92"
"55070","73"
"55088","18"
"55093","25"
"55095","94"
"55105","37"
"55119","50"
"55145","77"
"55168","55"
"55194","73"
"55206","44"
"55223","92"
"55230","81"
"55249","20"
"55250","2"
"55261","19"
"55262","24"
"55267","35"
"55274","42"
"55285","41"
"55291","93"
"55301","42"
"55325","8"
"55335","84"
"55336","28"
"55347","74"
"55363","8"
"55367","2"
"55371","71"
"55374","8"
"55393","53"
"55422","58"
"55424","38"
"55429","69"
"55436","20"
"55451","31"
"55457","89"
"55464","94"
"55470","38"
"55476","33"
"55486","50"
"55495","5"
"55552","55"
"55565","46"
"55579","85"
"55599","81"
"55625","45"
"55641","50"
"55642","75"
"55672","45"
"55676","78"
"55685","59"
"55694","74"
"55701","73"
"55711","88"
"55714","39"
"55721","25"
"55731","35"
"55774","47"
"55785","18"
"55807","16"
"55821","18"
"55828","76"
"55880","23"
"55899","76"
"55930","56"
"55947","62"
"55950","72"
"55971","23"
"56013","65"
"56015","51"
"56024","50"
"56039","52"
"56065","52"
"56080","59"
"56101","8"
"56129","74"
"56135","87"
"56136","93"
"56144","90"
"56155","76"
"56175","17"
"56189","24"
"56197","32"
"56205","13"
"56211","53"
"56221","97"
"56243","27"
"56269","70"
"56292","40"
"56314","24"
"56345","84"
"56347","37"
"56362","93"
"56375","66"
"56390","52"
"56403","8"
"56406","27"
"56414","15"
"56429","32"
"56433","56"
"56434","22"
"56444","78"
"56469","30"
"56492","72"
"56507","98"
"56550","97"
"56557","42"
"56583","45"
"56590","42"
"56591","30"
"56602","83"
"56612","52"
"56617","84"
"56619","35"
"56634","36"
"56646","7"
"56654","20"
"56667","82"
"56675","49"
"56686","48"
"56694","98"
"56712","59"
"56736","29"
"56757","16"
"56764","77"
"56772","88"
"56781","12"
"56795","61"
"56805","85"
"56860","15"
"56876","11"
"56897","98"
"56932","50"
"56937","69"
"56956","79"
"56964","25"
"56990","43"
"56994","6"
"56999","19"
"57003","41"
"57012","81"
"57053","67"
"57059","79"
"57071","96"
"57077","97"
"57101","61"
"57106","38"
"57111","49"
"57124","15"
"57145","60"
"57162","33"
"57172","5"
"57213","38"
"57215","62"
"57220","28"
"57225","65"
"57231","25"
"57233","82"
"57238","57"
"57242","9"
"57250","41"
"57279","1"
"57287","72"
"57296","17"
"57314","57"
"57315","77"
"57320","31"
"57341","15"
"57345","83"
"57347","71"
"57367","11"
"57370","63"
"57386","39"
"57389","90"
"57430","45"
"57451","24"
"57454","58"
"57462","7"
"57472","95"
"57476","40"
"57489","48"
"57494","43"
"57502","95"
"57525","24"
"57530","73"
"57539","6"
"57541","90"
"57557","26"
"57564","97"
"57584","31"
"57597","91"
"57601","99"
"57623","42"
"57628","50"
"57634","21"
"57644","18"
"57653","43"
"57672","2"
"57686","99"
"57689","16"
"57706","7"
"57712","54"
"57723","85"
"57766","44"
"57777","1"
"57802","2"
"57816","70"
"57819","75"
"57848","67"
"57858","22"
"57866","40"
"57880","14"
"57886","68"
"57896","67"
"57912","2"
"57934","6"
"57947","38"
"57956","93"
"58000","50"
"58013","31"
"58049","70"
"58067","74"
"58069","91"
"58075","85"
"58089","23"
"58093","92"
"58097","36"
"58134","41"
"58156","80"
"58165","67"
"58182","20"
"58215","93"
"58246","93"
"58279","74"
"58287","18"
"58293","74"
"58303","31"
"58311","93"
"58327","66"
"58352","20"
"58358","97"
"58363","64"
"58373","50"
"58378","70"
"58379","19"
"58385","7"
"58415","60"
"58431","40"
"58436","94"
"58444","100"
"58452","53"
"58472","32"
"58480","76"
"58497","34"
"58526","33"
"58527","34"
"58531","67"
"58541","23"
"58553","32"
"58566","15"
"58574","58"
"58591","44"
"58595","61"
"58609","38"
"58619","30"
"58624","10"
"58636","52"
"58637","66"
"58651","71"
"58656","71"
"58673","85"
"58699","93"
"58710","84"
"58723","42"
"58728","77"
"58740","92"
"58745","13"
"58746","11"
"58776","100"
"58795","85"
"58809","74"
"58819","85"
"58852","58"
"58854","2"
"58871","96"
"58926","74"
"58934","41"
"58961","51"
"59003","7"
"59016","32"
"59029","23"
"59032","75"
"59049","26"
"59054","13"
"59066","65"
"59075","61"
"59088","19"
"59094","58"
"59119","59"
"59122","10"
"59123","7"
"59132","63"
"59140","95"
"59148","20"
"59175","41"
"59179","37"
"59184","97"
"59204","9"
"59225","97"
"59230","73"
"59252","20"
"59253","36"
"59283","85"
"59314","2"
"59326","46"
"59357","15"
"59358","49"
"59363","40"
"59374","6"
"59392","86"
"59430","92"
"59439","98"
"59451","82"
"59472","51"
"59481","53"
"59491","45"
"59502","52"
"59508","85"
"59516","55"
"59517","88"
"59560","7"
"59575","67"
"59592","88"
"59604","1"
"59613","77"
"59614","19"
"59643","27"
"59663","57"
"59690","57"
"59699","47"
"59723","15"
"59731","55"
"59739","14"
"59781","9"
"59803","30"
"59807","20"
"59836","48"
"59843","76"
"59854","62"
"59861","95"
"59864","28"
"59879","64"
"59909","90"
"59915","7"
"59918","17"
"59929","72"
"59936","87"
"59946","43"
"59947","7"
"59959","82"
"60034","6"
"60051","71"
"60055","7"
"60059","52"
"60069","23"
"60080","18"
"60091","65"
"60096","59"
"60110","34"
"60116","51"
"60122","84"
"60136","42"
"60168","11"
"60175","44"
"60182","2"
"60195","24"
"60204","71"
"60222","78"
"60228","77"
"60284","24"
"60306","60"
"60317","63"
"60320","15"
"60324","11"
"60355","63"
"60363","79"
"60404","98"
"60441","12"
"60443","78"
"60468","79"
"60486","36"
"60489","64"
"60492","59"
"60500","44"
"60507","30"
"60519","63"
"60526","22"
"60533","49"
"60541","69"
"60551","100"
"60557","73"
"60580","23"
"60587","99"
"60591","25"
"60607","51"
"60618","98"
"60628","35"
"60639","17"
"60641","34"
"60645","76"
"60667","52"
"60673","38"
"60676","51"
"60683","47"
"60697","70"
"60717","49"
"60731","61"
"60744","98"
"60748","100"
"60757","79"
"60771","50"
"60772","7"
"60780","49"
"60795","34"
"60805","80"
"60841","62"
"60854","81"
"60874","19"
"60891","92"
"60959","22"
"60965","66"
"60974","34"
"60982","96"
"61001","90"
"61010","29"
"61014","77"
"61017","13"
"61023","83"
"61060","98"
"61071","85"
"61074","8"
"61091","2"
"61092","15"
"61095","35"
"61124","6"
"61143","73"
"61156","55"
"61170","19"
"61201","90"
"61211","51"
"61246","38"
"61252","97"
"61274","81"
"61288","59"
"61297","24"
"61341","35"
"61391","61"
"61398","85"
"61403","52"
"61414","69"
"61451","25"
"61461","26"
"61466","12"
"61485","69"
"61515","45"
"61522","92"
"61530","88"
"61531","13"
"61542","93"
"61543","67"
"61552","72"
"61567","44"
"61575","28"
"61584","57"
"61616","39"
"61618","74"
"61621","85"
"61622","74"
"61628","69"
"61635","73"
"61647","73"
"61699","60"
"61702","20"
"61710","2"
"61735","52"
"61744","9"
"61745","48"
"61746","95"
"61756","3"
"61766","91"
"61797","87"
"61810","29"
"61812","66"
"61820","40"
"61828","21"
"61831","81"
"61836","16"
"61846","56"
"61851","79"
"61860","33"
"61871","85"
"61874","6"
"61882","77"
"61888","40"
"61909","17"
"61917","94"
"61929","100"
"61943","80"
"61949","20"
"61959","22"
"61980","1"
"61981","56"
"61993","68"
"61996","11"
"61998","10"
"62005","72"
"62028","31"
"62070","54"
"62074","39"
"62086","40"
"62102","7"
"62119","38"
"62124","31"
"62131","44"
"62137","91"
"62151","12"
"62163","70"
"62166","15"
"62193","83"
"62196","65"
"62205","9"
"62209","39"
"62218","89"
"62236","34"
"62246","72"
"62257","71"
"62266","14"
"62271","19"
"62272","44"
"62299","100"
"62309","51"
"62318","65"
"62352","85"
"62359","70"
"62372","72"
"62382","83"
"62386","82"
"62389","34"
"62425","31"
"62435","44"
"62436","50"
"62443","7"
"62451","5"
"62466","63"
"62468","49"
"62478","72"
"62482","21"
"62492","71"
"62499","41"
"62506","6"
"62518","85"
"62525","95"
"62530","69"
"62551","90"
"62580","31"
"62589","32"
"62599","18"
"62622","92"
"62638","27"
"62651","73"
"62656","69"
"62666","69"
"62685","4"
"62742","32"
"62764","47"
"62768","97"
"62778","59"
"62791","57"
"62794","85"
"62837","18"
"62846","99"
"62869","54"
"62883","75"
"62890","56"
"62896","60"
"62900","38"
"62906","57"
"62912","63"
"62916","94"
"62917","41"
"62924","72"
"62931","6"
"62948","69"
"62955","9"
"62957","100"
"63009","52"
"63033","56"
"63059","83"
"63062","95"
"63064","81"
"63087","85"
"63095","97"
"63097","66"
"63113","62"
"63143","58"
"63148","93"
"63155","66"
"63182","38"
"63186","2"
"63200","90"
"63235","90"
"63239","38"
"63242","75"
"63246","87"
"63248","74"
"63259","62"
"63260","3"
"63270","11"
"63282","32"
"63288","80"
"63295","25"
"63304","88"
"63309","1"
"63319","17"
"63324","91"
"63350","27"
"63364","64"
"63369","10"
"63375","22"
"63378","34"
"63386","4"
"63394","76"
"63405","68"
"63409","82"
"63419","87"
"63425","34"
"63428","28"
"63456","85"
"63460","8"
"63465","21"
"63466","10"
"63481","62"
"63510","33"
"63517","73"
"63525","16"
"63535","6"
"63554","16"
"63575","35"
"63580","85"
"63597","39"
"63601","28"
"63665","58"
"63670","66"
"63678","52"
"63683","61"
"63686","42"
"63696","4"
"63709","21"
"63723","25"
"63731","11"
"63741","91"
"63754","63"
"63769","48"
"63772","61"
"63778","32"
"63791","33"
"63805","100"
"63811","43"
"63835","24"
"63843","97"
"63856","74"
"63861","38"
"63890","52"
"63895","94"
"63924","98"
"63951","90"
"63966","31"
"63990","9"
"63995","94"
"64005","98"
"64011","9"
"64050","10"
"64059","90"
"64073","86"
"64082","85"
"64094","47"
"64177","27"
"64180","24"
"64194","31"
"64219","90"
"64235","7"
"64239","87"
"64276","10"
"64303","90"
"64312","69"
"64322","15"
"64331","38"
"64333","60"
"64342","47"
"64354","3"
"64369","92"
"64371","54"
"64374","2"
"64387","21"
"64412","34"
"64425","92"
"64426","25"
"64437","90"
"64461","12"
"64477","7"
"64486","21"
"64511","84"
"64521","48"
"64529","12"
"64545","18"
"64551","29"
"64553","97"
"64555","51"
"64562","97"
"64572","88"
"64582","91"
"64609","49"
"64616","75"
"64682","65"
"64683","97"
"64692","77"
"64694","92"
"64700","61"
"64711","72"
"64725","85"
"64739","13"
"64741","57"
"64749","70"
"64757","99"
"64764","45"
"64778","4"
"64787","87"
"64790","80"
"64798","67"
"64816","57"
"64826","44"
"64834","90"
"64841","74"
"64858","90"
"64871","38"
"64877","62"
"64885","92"
"64910","24"
"64928","87"
"64933","78"
"64935","50"
"64936","56"
"64944","50"
"64953","52"
"64962","30"
"64970","29"
"64977","97"
"64979","55"
"64995","76"
"64998","28"
"65004","96"
"65018","100"
"65023","93"
"65038","9"
"65054","85"
"65072","36"
"65080","22"
"65093","100"
"65095","17"
"65102","95"
"65117","86"
"65120","80"
"65140","12"
"65142","10"
"65143","11"
"65147","89"
"65159","93"
"65162","4"
"65202","37"
"65224","78"
"65241","85"
"65249","20"
"65257","7"
"65266","39"
"65274","78"
"65282","16"
"65284","17"
"65292","97"
"65310","14"
"65316","47"
"65322","59"
"65333","22"
"65359","79"
"65370","49"
"65383","27"
"65396","16"
"65400","26"
"65414","35"
"65423","67"
"65428","58"
"65446","92"
"65447","6"
"65470","44"
"65499","27"
"65504","37"
"65510","38"
"65520","100"
"65527","5"
"65536","18"
"65538","64"
"65543","94"
"65576","9"
"65577","67"
"65581","57"
"65588","93"
"65620","27"
"65629","56"
"65631","89"
"65637","63"
"65646","78"
"65648","65"
"65660","89"
"65670","90"
"65671","77"
"65681","29"
"65690","40"
"65711","39"
"65719","24"
"65722","82"
"65744","42"
"65752","39"
"65758","49"
"65789","87"
"65808","6"
"65813","75"
"65814","47"
"65836","46"
"65859","15"
"65903","12"
"65928","19"
"65937","5"
"65939","41"
"65947","44"
"65957","61"
"65971","100"
"65980","12"
"65989","80"
"65992","13"
"66002","58"
"66009","91"
"66029","70"
"66061","41"
"66076","97"
"66079","51"
"66095","13"
"66096","45"
"66103","49"
"66105","57"
"66111","11"
"66113","14"
"66119","56"
"66128","16"
"66152","59"
"66156","45"
"66163","76"
"66172","10"
"66199","3"
"66215","27"
"66220","33"
"66230","41"
"66232","31"
"66241","81"
"66251","12"
"66260","30"
"66284","73"
"66292","84"
"66307","34"
"66328","21"
"66342","56"
"66346","61"
"66359","18"
"66372","43"
"66379","71"
"66387","17"
"66390","36"
"66396","10"
"66405","52"
"66436","85"
"66449","76"
"66454","27"
"66462","42"
"66467","45"
"66476","73"
"66483","56"
"66491","48"
"66507","23"
"66511","1"
"66514","41"
"66517","41"
"66527","46"
"66551","91"
"66557","31"
"66581","62"
"66601","31"
"66609","47"
"66634","19"
"66663","37"
"66682","17"
"66684","8"
"66691","6"
"66699","8"
"66721","8"
"66725","34"
"66728","42"
"66749","57"
"66761","65"
"66768","91"
"66810","63"
"66824","42"
"66843","41"
"66855","75"
"66859","90"
"66880","84"
"66886","84"
"66890","43"
"66899","83"
"66903","81"
"66916","42"
"66919","16"
"66942","33"
"66956","27"
"66976","98"
"67028","87"
"67045","27"
"67080","94"
"67097","72"
"67101","34"
"67106","67"
"67124","64"
"67145","83"
"67154","65"
"67164","56"
"67180","47"
"67197","39"
"67210","3"
"67218","23"
"67235","37"
"67245","40"
"67265","23"
"67282","66"
"67292","7"
"67308","38"
"67315","61"
"67321","62"
"67327","81"
"67337","89"
"67345","53"
"67354","51"
"67357","47"
"67412","54"
"67426","63"
"67429","44"
"67437","70"
"67463","7"
"67467","31"
"67475","45"
"67481","35"
"67510","68"
"67528","17"
"67538","94"
"67548","71"
"67568","35"
"67578","59"
"67589","39"
"67599","72"
"67636","72"
"67672","69"
"67679","79"
"67694","76"
"67734","38"
"67741","27"
"67749","100"
"67774","67"
"67778","78"
"67780","18"
"67807","42"
"67816","72"
"67838","70"
"67840","86"
"67891","100"
"67909","54"
"67920","65"
"67927","41"
"67928","78"
"67935","59"
"67944","44"
"67946","99"
"67961","85"
"67966","80"
"67998","7"
"68022","51"
"68033","72"
"68048","82"
"68054","79"
"68074","17"
"68082","8"
"68096","2"
"68112","72"
"68118","53"
"68134","42"
"68151","93"
"68160","44"
"68166","75"
"68175","45"
"68192","38"
"68193","24"
"68197","42"
"68216","76"
"68226","9"
"68242","35"
"68261","29"
"68262","60"
"68271","59"
"68280","49"
"68286","84"
"68308","67"
"68313","58"
"68316","79"
"68319","9"
"68325","45"
"68361","74"
"68368","50"
"68369","73"
"68374","7"
"68390","68"
"68393","68"
"68411","70"
"68416","19"
"68437","55"
"68461","62"
"68491","100"
"68496","1"
"68505","22"
"68509","20"
"68519","66"
"68529","96"
"68538","81"
"68547","37"
"68569","64"
"68577","92"
"68585","97"
"68602","81"
"68605","90"
"68632","81"
"68645","97"
"68646","98"
"68676","90"
"68688","2"
"68694","9"
"68708","35"
"68724","34"
"68733","60"
"68736","44"
"68751","12"
"68755","54"
"68760","95"
"68765","87"
"68771","8"
"68783","21"
"68788","12"
"68807","48"
"68815","77"
"68857","81"
"68862","83"
"68872","60"
"68877","40"
"68880","77"
"68896","85"
"68905","51"
"68908","51"
"68914","43"
"68919","29"
"68927","57"
"68950","91"
"68962","99"
"68971","72"
"68972","77"
"68982","64"
"68995","58"
"69017","1"
"69023","66"
"69053","23"
"69065","5"
"69066","75"
"69068","91"
"69100","64"
"69110","12"
"69119","18"
"69128","66"
"69130","32"
"69138","26"
"69153","71"
"69161","94"
"69182","92"
"69187","87"
"69189","70"
"69191","2"
"69207","4"
"69217","18"
"69220","55"
"69232","28"
"69242","56"
"69249","90"
"69261","12"
"69278","62"
"69287","94"
"69307","99"
"69328","91"
"69331","4"
"69343","82"
"69353","93"
"69369","34"
"69378","91"
"69379","95"
"69415","31"
"69471","71"
"69481","23"
"69484","63"
"69498","87"
"69511","50"
"69544","87"
"69551","6"
"69555","24"
"69556","81"
"69566","10"
"69567","54"
"69588","48"
"69599","8"
"69614","11"
"69625","23"
"69640","3"
"69649","74"
"69654","70"
"69657","73"
"69661","29"
"69663","39"
"69671","55"
"69672","67"
"69699","18"
"69700","83"
"69702","66"
"69718","32"
"69735","95"
"69752","43"
"69767","19"
"69775","58"
"69796","94"
"69797","9"
"69803","77"
"69811","42"
"69817","95"
"69824","56"
"69837","99"
"69842","32"
"69860","57"
"69872","90"
"69881","98"
"69902","100"
"69908","15"
"69918","86"
"69952","47"
"69991","7"
"69993","92"
"70008","54"
"70016","97"
"70025","27"
"70030","54"
"70035","100"
"70053","20"
"70064","13"
"70067","63"
"70081","37"
"70103","22"
"70118","52"
"70139","32"
"70160","63"
"70165","43"
"70170","50"
"70175","24"
"70190","96"
"70200","74"
"70216","57"
"70239","91"
"70248","21"
"70258","92"
"70280","28"
"70296","42"
